ID Venta,Producto,Monto
1,Producto 2,81.76282733107145
2,Producto 3,70.4234564805027
3,Producto 4,55.906982808331136
4,Producto 4,66.09597009409363
5,Producto 2,94.73598131394064
6,Producto 2,68.65179125041222
7,Producto 2,81.64411558699389
8,Producto 2,34.30605090148593
9,Producto 2,36.57109660220475
10,Producto 1,97.95536950774375
