ID Venta,Producto,Monto
1,Producto 2,72.59594940504903
2,Producto 3,70.24131308465888
3,Producto 5,30.67263329990786
4,Producto 3,36.84976099860209
5,Producto 1,61.29418509158051
6,Producto 1,98.49080198359785
7,Producto 5,43.70649287320709
8,Producto 3,85.26535165924079
9,Producto 2,16.913878248934502
10,Producto 1,86.55041598710335
