ID Venta,Producto,Monto
1,Producto 4,16.9715731042378
2,Producto 3,19.37207877971065
3,Producto 1,72.63456247228555
4,Producto 5,55.78545928025072
5,Producto 5,35.99370808690522
6,Producto 3,39.27614069011038
7,Producto 1,43.56222256470831
8,Producto 3,38.01616340150345
9,Producto 5,11.655406068532251
10,Producto 4,45.88911667693149
