ID Producto,Nombre,Precio
1,Producto 1,17.41421459163788
2,Producto 2,45.62088502633548
3,Producto 3,20.40990066844177
4,Producto 4,21.852276949444185
5,Producto 5,72.98686318533821
6,Producto 6,51.18430640253534
7,Producto 7,45.19289317426709
8,Producto 8,28.039226110073734
9,Producto 9,77.67963669719829
10,Producto 10,22.29555235362588
