ID Producto,Nombre,Precio
1,Producto 1,14.345612188202239
2,Producto 2,47.919686421071184
3,Producto 3,60.57925698054529
4,Producto 4,62.01642000732228
5,Producto 5,20.114827586946696
6,Producto 6,18.507516972546775
7,Producto 7,31.27991623364339
8,Producto 8,96.96761487462207
9,Producto 9,93.2206461474769
10,Producto 10,69.05268226952673
